,latitude,longitude
0,34.45311308979854,136.8840877987753
1,34.46310978047143,136.8737340053038
2,34.47401530646782,136.8799963110202
3,34.47585733433606,136.8889994148003
4,34.48918457827063,136.9081259712586
5,34.50528846422304,136.9106913658528
6,34.51932332564332,136.9058914994541
7,34.54563789520636,136.9193227370814
8,34.54353413060179,136.9082665299138
9,34.53336625241992,136.886412556492
10,34.5296737564126,136.869861383219
11,34.52373032701652,136.8563422121474
12,34.51909526540138,136.8357713159968
13,34.51002284045186,136.8100395579558
14,34.50747236378378,136.7979867575344
15,34.50996904980058,136.7894170828704
16,34.5103443422354,136.7720541355063
17,34.5242541336828,136.755140513573
18,34.5381964557997,136.7338921693023
19,34.54590888051889,136.7181432350397
20,34.5451807059938,136.713772926811
21,34.54532760444849,136.7023596653784
22,34.54719868591079,136.6944095184578
23,34.55121588037519,136.6897722363304
24,34.55752010014862,136.6697033531877
25,34.56616887000192,136.6633143104003
26,34.57466990145787,136.654760283739
27,34.59058731749839,136.6449060641886
28,34.59291566087129,136.6367816030671
29,34.59826929415033,136.6300594265129
30,34.59978128311515,136.616791801689
31,34.60249396028159,136.5993583812463
32,34.60485498078269,136.5827302585798
33,34.61674016618425,136.5611589234089
34,34.61486854856238,136.5543223277535
35,34.60710924479734,136.5484547565651
36,34.61103669062572,136.5418440657335
37,34.6089953068821,136.538663646265
38,34.60967652189364,136.5367190428639
39,34.60876728245124,136.5297533408947
40,34.61159274201247,136.5244243547401
41,34.61091348497753,136.5213411611394
42,34.61191668419723,136.5186977698202
43,34.61333780145979,136.5180489807212
44,34.613795858591,136.5243115773135
45,34.61350753198109,136.5296735776059
46,34.61630757524077,136.5317787689493
47,34.61597460419845,136.5381441300982
48,34.62273471224253,136.5396109740462
49,34.62157613999231,136.5446276625944
50,34.62875074583596,136.5575119588277
51,34.64216776366057,136.5504241179034
52,34.65410628438457,136.5499084362746
53,34.67468162784741,136.5572661798262
54,34.68001798362597,136.5484653012979
55,34.6833570229897,136.5310576401933
56,34.69394703518962,136.521669344383
57,34.70304087038357,136.5222413357309
58,34.70724643324454,136.5238648191726
59,34.70687440628414,136.5286228301585
60,34.70920183442892,136.5289585474884
61,34.71113494927626,136.5286073543085
62,34.71263955757492,136.5254234315516
63,34.71344523169335,136.5248331498989
64,34.72194502221399,136.5273609298569
65,34.72737780201772,136.5290472734842
66,34.73110193327418,136.5304530826725
67,34.74501633535358,136.5316823535431
68,34.75514847070092,136.5350707849103
69,34.76266360251414,136.5392528739372
70,34.76301128806988,136.5426714077996
71,34.76778152214971,136.5413642980721
72,34.77573175347166,136.5462164945834
73,34.7887667414977,136.5561236700839
74,34.8006899184541,136.5667539721403
75,34.80752384372028,136.5735421792943
76,34.81413752032292,136.5796753863088
77,34.82102767429915,136.586084970347
78,34.82509902166317,136.5900611984851
79,34.8259926739301,136.59128381268
80,34.82482488154029,136.5930736158008
81,34.82604000176715,136.5972781607776
82,34.82645765138609,136.5967792023895
83,34.82895304062546,136.5981061482515
84,34.82999181153618,136.5972657808797
85,34.83017808195562,136.5960081814065
86,34.8303809696067,136.595467083468
87,34.83063294220096,136.5949428392313
88,34.831221780117,136.5949628539007
89,34.8318062146393,136.5951624078672
90,34.83613998093634,136.5990011485205
91,34.83726626395433,136.59991386497
92,34.83834836899798,136.6008158622794
93,34.83934194206061,136.601760273974
94,34.84062063987734,136.6029620283587
95,34.8401351297026,136.6047395389245
96,34.84315994123226,136.6077769528529
97,34.84436840255496,136.6072697885004
98,34.84467742555958,136.6068886370334
99,34.84809821288202,136.6103987260438
100,34.85146254201833,136.6140643164423
101,34.85541683927391,136.6162235245201
102,34.86140237385973,136.6216520939781
103,34.8683565714782,136.6263836755169
104,34.87616653133053,136.6304182118062
105,34.8757001612717,136.6314469114634
106,34.87791102674862,136.6330758729867
107,34.8802585160507,136.6343650931775
108,34.88073537310984,136.6333245229105
109,34.88513031453763,136.6359865078445
110,34.88571540649335,136.6370144461801
111,34.88642547192085,136.6354948607555
112,34.89693980860464,136.6386913712547
113,34.90465769187503,136.6459158017963
114,34.92532623783138,136.645917579109
115,34.93056401585109,136.6473693754691
116,34.93459683617412,136.6474631299605
117,34.93600588724907,136.6492340533999
118,34.93724439321149,136.653143494709
119,34.93684999141917,136.66697717382
120,34.94183354812477,136.6677252136426
121,34.94238662989585,136.6627230510767
122,34.94554842658287,136.6631797115515
123,34.94691885535773,136.6481348961397
124,34.94597576421491,136.6472401199159
125,34.94623083256266,136.6466557245176
126,34.94542711884392,136.6459189023933
127,34.94499858208511,136.645619919021
128,34.94487788740606,136.6458031251208
129,34.94405007158864,136.6449629459099
130,34.94333398895341,136.6439078587549
131,34.94108976888126,136.6433599658739
132,34.94109553459386,136.6432576601139
133,34.94097778196287,136.6432135314331
134,34.94095534204797,136.643233317701
135,34.94093831988509,136.6433230738489
136,34.94071553777977,136.6432614170718
137,34.94063576567227,136.6431976038309
138,34.94065582901031,136.6430406247446
139,34.93971093567911,136.6427941199581
140,34.93968624358497,136.6429472403077
141,34.93937357077888,136.642834783137
142,34.93921175024143,136.642547724627
143,34.93937519367488,136.6424785255455
144,34.93928229835523,136.6421590052456
145,34.93913824663461,136.6422175732434
146,34.93884017510081,136.6412219776037
147,34.93927562602206,136.6409111381186
148,34.93932240922702,136.6410691559724
149,34.93972536147361,136.6408943804305
150,34.93968136031754,136.640723682051
151,34.93980510886909,136.6407731690547
152,34.94000164458125,136.640701969104
153,34.94002455194972,136.6407782484337
154,34.94035667612204,136.6406337651634
155,34.94058761890239,136.6405412885446
156,34.94126235172072,136.6402536404577
157,34.9412039173902,136.6400649823806
158,34.94136722421975,136.6399828547917
159,34.9416611120043,136.6398538275593
160,34.9433372572359,136.640818702414
161,34.94343880674151,136.6407185902928
162,34.94424519650072,136.6416479752636
163,34.94478712972811,136.6421392150439
164,34.94488542022673,136.6416889623076
165,34.94456598776507,136.6414000610148
166,34.94449606504785,136.6415165644141
167,34.94355351359958,136.6406386327218
168,34.94360377185155,136.6405106972594
169,34.94184534202464,136.639487557574
170,34.94166235997729,136.639379223779
171,34.9415966973268,136.6395094418668
172,34.94154128269124,136.6394984515313
173,34.94153736917868,136.6394077742444
174,34.94153950959375,136.639264579312
175,34.94158258721534,136.639123408271
176,34.94167670825661,136.6390489123981
177,34.94274180615086,136.6385646948532
178,34.94367464760781,136.638926717891
179,34.94429973136955,136.6400355128787
180,34.94440216130167,136.6399529037046
181,34.94378475967507,136.6388304015866
182,34.94438415327715,136.6386141399585
183,34.94481816458079,136.6396559126854
184,34.94489970327174,136.6395989735134
185,34.94452595320515,136.6387115855174
186,34.94452387256976,136.6385493358882
187,34.94499198636415,136.6382755380854
188,34.94504869131528,136.6386448814035
189,34.94531616439394,136.6394309087532
190,34.94563569105203,136.6392267595225
191,34.94565703206747,136.6391614550593
192,34.94541403375104,136.6388117877433
193,34.94537133999909,136.6388657961806
194,34.94522838446854,136.6389474672798
195,34.94513725953568,136.6386422362301
196,34.9450368525448,136.6380868659532
197,34.94541853590049,136.637991947175
198,34.94551088724536,136.6382761297887
199,34.94602876937135,136.6389866886434
200,34.94608728766321,136.6389494397936
201,34.94584356636982,136.6385771720904
202,34.94577643523428,136.6385288185683
203,34.94556968951678,136.6382422020099
204,34.94548176314756,136.6379944766328
205,34.94600546276338,136.6378632161847
206,34.94615868516433,136.6380353673336
207,34.94628105014249,136.6381961010339
208,34.94654087497277,136.6384560404815
209,34.94672535085091,136.6385920768573
210,34.94675895004944,136.6385271679148
211,34.94661201813308,136.6383329084949
212,34.94644843569375,136.63817250049
213,34.9462488415521,136.6380048643914
214,34.94619861190848,136.6378314991861
215,34.94648453699803,136.6377976863778
216,34.94650493625902,136.6377484274211
217,34.94646966635393,136.637715825654
218,34.94641694000681,136.6375824946243
219,34.94656707383595,136.6373965948252
220,34.94663178093395,136.6373930614831
221,34.94667849873395,136.6373393676618
222,34.94673215690901,136.637256025114
223,34.9470770416598,136.6374775633074
224,34.94700567438179,136.6376304554692
225,34.94700382910058,136.6376553328297
226,34.94703797054564,136.6377747637408
227,34.94708221326292,136.6377946063419
228,34.9473101619539,136.6372837215823
229,34.94733234345342,136.6372344591452
230,34.94727365063054,136.6371191459403
231,34.9474814375673,136.6369019630877
232,34.94762840798798,136.6365775485048
233,34.94766570769389,136.6362539240919
234,34.94768623306321,136.6362046365018
235,34.94788865248356,136.6360045527287
236,34.94804001848603,136.635673731138
237,34.94813840197046,136.6354468990828
238,34.94822764760413,136.6352559382682
239,34.94824625812761,136.6352184944105
240,34.94882616294061,136.6340381734601
241,34.94952788620184,136.6333300204154
242,34.94995246545999,136.6342117166543
243,34.94989361193294,136.6342938346885
244,34.94912462918356,136.6363452986729
245,34.94906663642645,136.636369249442
246,34.94890840074906,136.6366041087002
247,34.94899903774074,136.6411339766612
248,34.94984671412216,136.6410717136417
249,34.95184403796089,136.6384250494166
250,34.95094175867414,136.6428782320206
251,34.95266889951481,136.6433155272193
252,34.95328037031841,136.6410879473373
253,34.95447656417825,136.6421404380385
254,34.95392285794894,136.6447373921507
255,34.95583343483089,136.6455279691833
256,34.95632092859431,136.6413289397207
257,34.95306003517757,136.6384541347697
258,34.95742364335352,136.6376027222159
259,34.95762058060009,136.6394367694583
260,34.95885474801847,136.6394369001792
261,34.95947934413659,136.640149551033
262,34.9590702142513,136.6461330055682
263,34.96138691781388,136.6467594446087
264,34.96395213100609,136.6411902808472
265,34.96517774233579,136.6414805441325
266,34.96396998052234,136.6461976878932
267,34.96421479814431,136.6466892432981
268,34.96517985333868,136.6470522026794
269,34.96554906350958,136.647202889459
270,34.96534684868522,136.6479881992195
271,34.96528940075132,136.64796818373
272,34.96527651828997,136.6480267588672
273,34.96497293949738,136.6479047097793
274,34.96495187149779,136.6479834454327
275,34.96573436846386,136.6482814071519
276,34.9657669871434,136.6481714128545
277,34.96547586529062,136.6480544161861
278,34.96549456737186,136.6478281566607
279,34.96546381239993,136.6477863854852
280,34.96560097395754,136.6472208650189
281,34.96596011704358,136.64735106219
282,34.9671187165083,136.6480308408718
283,34.96802675521886,136.6481449498995
284,34.96839209989861,136.6482793518581
285,34.96836353285074,136.6483796873522
286,34.96813803977383,136.6483035174268
287,34.96810235986202,136.6484422989919
288,34.96796560222393,136.648389382491
289,34.96776873424396,136.6486214623318
290,34.96770739679476,136.6485404759232
291,34.96748541062954,136.6487933435728
292,34.96756387989406,136.6488941735985
293,34.96752222427723,136.6489276967194
294,34.96752485905262,136.6489554622916
295,34.96754699973904,136.6489657418634
296,34.9675672588436,136.6489239398845
297,34.96765311834426,136.648827657192
298,34.96770871648239,136.6488959653418
299,34.96782466811389,136.6487593261303
300,34.96778378371654,136.6487050135964
301,34.96798912301654,136.6484761358125
302,34.96880764559645,136.6487857360423
303,34.96844812789351,136.6491854747956
304,34.96840988474284,136.6491371313948
305,34.96817774527452,136.6494074916209
306,34.96823083880916,136.6494722061857
307,34.9681192415327,136.64956655514
308,34.96810244969652,136.6495863649504
309,34.96812039240618,136.649636080946
310,34.96836656195347,136.6493819554666
311,34.96841007204757,136.6494288835898
312,34.9686657179187,136.6491484152255
313,34.96862292617236,136.6490987541674
314,34.96890066366285,136.648787892546
315,34.96894525137254,136.6487245613405
316,34.96901278790579,136.6487367897562
317,34.96907988647352,136.6486924497798
318,34.96912531149603,136.648530712582
319,34.96996587883608,136.6488407000733
320,34.96992528567207,136.6489839744586
321,34.96956719242387,136.6493762519401
322,34.96953487447007,136.6493339587512
323,34.96930084283279,136.6495976350296
324,34.96935333164006,136.6496803710836
325,34.96913971126532,136.6499244149957
326,34.96915592339985,136.6499454858719
327,34.96937053014319,136.6497026631392
328,34.96943576120026,136.6497810394097
329,34.96973407677221,136.6494411354484
330,34.96969318438995,136.649387087289
331,34.96997792333001,136.6490574963189
332,34.97002293421763,136.6488728109605
333,34.97164458775592,136.6494567112237
334,34.97171593775829,136.6503078491328
335,34.9716779192444,136.6503927914383
336,34.97146254977459,136.6503278144234
337,34.97144423126092,136.650401380885
338,34.97220622956348,136.6507014510482
339,34.97221494866506,136.6505921629544
340,34.97196685317553,136.65050320417
341,34.97199187088587,136.6504208424973
342,34.97178365774168,136.6503231233805
343,34.97171516100126,136.649486843631
344,34.97329789310884,136.6501163288358
345,34.97327184548872,136.6504562154035
346,34.9733641114833,136.6508251388895
347,34.97404603648962,136.6508860869746
348,34.97425151733925,136.650839560691
349,34.97470996783986,136.650488441044
350,34.97647586514377,136.6462991305698
351,34.9777145446542,136.6465251656454
352,34.977204773183,136.6500715801748
353,34.97522048714306,136.6553858693412
354,34.97399346554609,136.6604046286619
355,34.97344633176322,136.6602203594812
356,34.97284801795752,136.661828929056
357,34.97253203332183,136.6631977520173
358,34.97235048330222,136.6648479295665
359,34.97240260907369,136.6649387504061
360,34.97295646592756,136.6651036090968
361,34.97283540953657,136.6656192288217
362,34.98255411044943,136.6721918220906
363,34.98219335691171,136.6729900711279
364,34.98405770598563,136.6747327935195
365,34.98385482054279,136.675809222224
366,34.98710514542351,136.6776476073051
367,34.98979231175403,136.6706868139302
368,34.9934474025538,136.6613349379884
369,34.9943220818226,136.6618511183593
370,34.99780186879595,136.6667702448248
371,34.9963595516407,136.6706300852717
372,34.99696975338487,136.6710091163401
373,34.99654413733524,136.6721944272647
374,34.99696601868985,136.6724645338891
375,34.996054226917,136.6748531052058
376,34.99855609001833,136.6762589580194
377,34.99950638667676,136.6739460540622
378,35.00195170857438,136.6753312523697
379,35.00632358654445,136.6758833693277
380,35.00394698353093,136.6807847734977
381,35.00402355324702,136.6865875665545
382,35.00716313249369,136.7000686358739
383,35.01584758445884,136.6972229742031
384,35.01625577030097,136.6989650566336
385,35.02133203134762,136.697411936624
386,35.02226804008507,136.6999630810619
387,35.02143484902761,136.7017781378058
388,35.02441712459157,136.7108241799303
389,35.02949838707441,136.7236245805646
390,35.02876330574478,136.7236322318529
391,35.02731634111883,136.7249809883554
392,35.02548720058827,136.7270771255639
393,35.02518306630258,136.7284733327578
394,35.0265884120782,136.7331811447243
395,35.0277134837978,136.7347826873711
396,35.03268879174495,136.7397997334067
397,35.03643538434793,136.7375495822191
398,35.04006484500417,136.7472259651825
399,35.03411275824704,136.7510277790519
400,35.03140436356179,136.7534852812142
401,35.02922833245071,136.7554587105164
402,35.02747145549385,136.7569615743673
403,35.02583369149659,136.7584991231037
404,35.02141943755957,136.7630882759771
405,35.02081090236504,136.7640839381479
406,35.02072051983301,136.7651196089868
407,35.02251598061674,136.7777435892463
408,35.01936525858468,136.7845997582482
409,35.01944215923888,136.7858944166703
410,35.01484445884955,136.7940699664733
411,35.02151524970485,136.7968627534932
412,35.02226825739587,136.7966250109521
413,35.02797428607965,136.7883153004748
414,35.02801860381314,136.7879901349539
415,35.03326423834566,136.7807502761233
416,35.03354673205092,136.7808032175811
417,35.03402364795773,136.7819404071504
418,35.03530209843058,136.7812569102924
419,35.03562816658472,136.7821914460493
420,35.0344016988311,136.7828652853583
421,35.03523697093053,136.7864637398075
422,35.03476278482051,136.7878248944857
423,35.03124118870081,136.795508301183
424,35.03108856059588,136.7954037779951
425,35.02877595229409,136.8001911179171
426,35.02894826472412,136.8005321763364
427,35.04125527994831,136.8007360864208
428,35.04707134371294,136.8007120966672
429,35.04838616614244,136.8006606434056
430,35.0483092722159,136.8099555139828
431,35.0362531712698,136.8101047725383
432,35.03618420476592,136.8109045970124
433,35.02713747162463,136.8108642337458
434,35.0255919784817,136.8124089802287
435,35.02645846430865,136.8175807335984
436,35.02602570761534,136.8180176384705
437,35.02752380822768,136.8260187325391
438,35.02785055784015,136.8259539012274
439,35.02817520794965,136.8259261673535
440,35.02911321229128,136.8307153327852
441,35.02905983371328,136.8307971522981
442,35.02908049510103,136.8309337044718
443,35.02916284035742,136.8309448340192
444,35.02921917591745,136.8312373688052
445,35.02910934929374,136.8312506678411
446,35.02898975135905,136.8311415386624
447,35.02874352279305,136.8312050339345
448,35.02891840828585,136.8321762032239
449,35.02917099044114,136.832121451141
450,35.02927234171435,136.8319295073319
451,35.02931709047485,136.8319822441709
452,35.02932787354178,136.8322372481068
453,35.02967826676502,136.8339557895977
454,35.02937663946754,136.8340615871281
455,35.02934709726734,136.8339655669183
456,35.02899542179156,136.8335700607009
457,35.02903285586159,136.8340485723835
458,35.02912824604483,136.8345394009512
459,35.02926948266968,136.8349141656378
460,35.02944143026317,136.8344457204487
461,35.02943930236458,136.8342586001906
462,35.02973676055058,136.8341824537779
463,35.03006716070622,136.8358450189751
464,35.02960327931809,136.8361188110262
465,35.03019106489079,136.8390001671875
466,35.03307036755493,136.8377405695711
467,35.0359206474343,136.8365639966204
468,35.03886080827867,136.8353145159716
469,35.04137680190277,136.8342945575488
470,35.04428212623863,136.833030187951
471,35.0472692073072,136.8317635383093
472,35.04937287559846,136.8308984314441
473,35.05021532076025,136.8301692420372
474,35.05109762633906,136.8301923388822
475,35.05145506341791,136.8301795682263
476,35.05197581813311,136.830113726912
477,35.05197793111059,136.8303517799697
478,35.05431407550569,136.8303575232081
479,35.05959884613078,136.83363581632
480,35.06412150363797,136.8337898410835
481,35.06772052931079,136.823841655543
482,35.06339056808403,136.8237030122041
483,35.06356572077295,136.818806601117
484,35.07071942214073,136.8197713563434
485,35.07191892400552,136.8234443054589
486,35.07696535113041,136.8248378923924
487,35.08255166986879,136.8272680571776
488,35.08176566750576,136.8331620651188
489,35.08257087321563,136.8388396378922
490,35.06622056717431,136.8407285545139
491,35.06503354725638,136.8457294981057
492,35.06418765118887,136.8456677546496
493,35.05184260987906,136.8379649890377
494,35.04963701850016,136.8389053604128
495,35.0472751146272,136.8399035591265
496,35.04490257953867,136.8408995426477
497,35.04270781823558,136.8418089086857
498,35.04072245068173,136.8426572892556
499,35.03855271262347,136.8435931319415
500,35.03596804186767,136.8446677613722
501,35.03390787647256,136.8455305116294
502,35.03387529465361,136.845842267784
503,35.03995969395545,136.8507608262983
504,35.04549290925321,136.8462246956252
505,35.04673613815988,136.8477531973676
506,35.0437657614706,136.8509627665363
507,35.04387588765576,136.8520313425315
508,35.05529166514468,136.8549528840391
509,35.05658419339655,136.8555300912515
510,35.05831243879199,136.8555325784601
511,35.05857205856768,136.8550218182443
512,35.05936702999613,136.8550729156831
513,35.05937209289534,136.8557233508169
514,35.05903584509404,136.855942778799
515,35.05856298193043,136.8574379976102
516,35.05878386774308,136.8575486214341
517,35.05867385465375,136.8580382290858
518,35.05852792754555,136.8583372759018
519,35.05906590283014,136.8584662554949
520,35.05911882477407,136.8581609873528
521,35.06003059919247,136.8583784514049
522,35.05998584041049,136.858686419023
523,35.06041557353748,136.8587824767412
524,35.06048596499001,136.8584855006487
525,35.06135669262741,136.8586874076233
526,35.06130808764999,136.858965679847
527,35.06196369951804,136.8591540493495
528,35.06202542737515,136.8588693710209
529,35.06217932949195,136.8589286370031
530,35.06227082535735,136.8592162521271
531,35.06359011339585,136.8594034686281
532,35.06526546563291,136.8599911414752
533,35.06747897614198,136.8600070543372
534,35.06838236489552,136.8599862002623
535,35.06995257583358,136.858392098836
536,35.06995088077376,136.8555897629499
537,35.06962799822946,136.8555702105654
538,35.06958946820542,136.8558374974733
539,35.06928216279641,136.855854969188
540,35.06929418608358,136.8550647249059
541,35.07317464942233,136.8550899038387
542,35.07321577670318,136.8564324431777
543,35.07249951370184,136.8565285748072
544,35.07237074842158,136.8568996990158
545,35.07242846976872,136.8590802577235
546,35.07250755989436,136.860099715436
547,35.06969726422416,136.8625671136282
548,35.07174437595791,136.8637026611116
549,35.07482659493775,136.8610810316641
550,35.07671017487559,136.8621494520621
551,35.07396325515182,136.8645469177548
552,35.07395693749778,136.8647117081131
553,35.07793416725931,136.8669548428466
554,35.08001567336162,136.8680988108171
555,35.08213996423883,136.8693516524465
556,35.08436397222389,136.8698408103653
557,35.085153653493,136.8702940821981
558,35.08534152874085,136.8703817496714
559,35.08546062153295,136.870407366059
560,35.08558307105745,136.8704340665098
561,35.08584626742895,136.8704503890801
562,35.0860822201722,136.8704010341864
563,35.08745278591148,136.8698067307505
564,35.08747553450436,136.8697534844445
565,35.08793531192097,136.8695255275013
566,35.08928342694823,136.8691621524727
567,35.09152655360197,136.8697232021443
568,35.08907774429524,136.8714568320294
569,35.08838466726452,136.8719844921019
570,35.08735180657848,136.8726893653501
571,35.08805136358984,136.8739256111345
572,35.08988597791951,136.8746782438963
573,35.0900155308528,136.8746162440511
574,35.09038546823953,136.8753405772584
575,35.08972475747521,136.8767869643227
576,35.08949686676425,136.8788297240443
577,35.09024693709974,136.8789822138468
578,35.08936805581783,136.879617629229
579,35.08924201550996,136.8805488519367
580,35.08876448695504,136.8848594960586
581,35.09107567582723,136.885803049827
582,35.09181545419567,136.8865317581495
583,35.09278847943153,136.8874936581028
584,35.09364225379721,136.8882101775399
585,35.09298087189955,136.8908825933625
586,35.09148775717908,136.891487124806
587,35.08990717562974,136.8899909622218
588,35.08632404709586,136.8901487413079
589,35.08430452347185,136.8906312044159
590,35.07775999156633,136.8900857720969
591,35.07657833197935,136.8898312530753
592,35.07040504543041,136.8896035593812
593,35.07047080058128,136.8867631352989
594,35.07445655674615,136.8869532285301
595,35.07453221066704,136.8852671537647
596,35.07055377605679,136.8849962748664
597,35.07059191045844,136.8834327000464
598,35.070407200474,136.8832721239621
599,35.07009644647567,136.8832379057609
600,35.07011581583768,136.8823177105494
601,35.07041660710604,136.8823118909743
602,35.07059823898551,136.8822231967131
603,35.07063344183398,136.8821694655186
604,35.07065193975147,136.8819054282957
605,35.07074361553294,136.8818878392238
606,35.07115156094485,136.8816149400582
607,35.07116056437424,136.8815786093305
608,35.07156009066237,136.8813188268499
609,35.07190739329443,136.8808813522678
610,35.07193099978974,136.8803825047444
611,35.07189336060497,136.8802371106244
612,35.07196678845608,136.8781651987608
613,35.0720741201637,136.8754522106421
614,35.07188744903031,136.8754179304541
615,35.07194083486633,136.8736826670398
616,35.06948828962971,136.8710034680109
617,35.06962934018036,136.8708067003717
618,35.06890944631775,136.8699863530206
619,35.06876191825956,136.8701733327137
620,35.06815047192569,136.8693940037447
621,35.06658475775523,136.8687295113724
622,35.06652645351877,136.8686766524072
623,35.0665708991142,136.8684141072897
624,35.06572959960074,136.8680849850481
625,35.06550212616511,136.8680006331858
626,35.06480092013783,136.8677527075628
627,35.06473155382294,136.8677179674957
628,35.06459806637093,136.8676613128335
629,35.06441388027122,136.8675993725364
630,35.06416947588074,136.8674797242872
631,35.06383452675811,136.8672753017515
632,35.06334397132063,136.8672016554565
633,35.06315882274564,136.8674652071689
634,35.06301617044058,136.8679426393815
635,35.0627501042056,136.8692288673361
636,35.06226425030546,136.8695147300105
637,35.06075226192394,136.8689661906285
638,35.06066681953789,136.8692613709749
639,35.05860759669311,136.8684933192617
640,35.05867427640874,136.8681746013786
641,35.05826917066953,136.8680049845082
642,35.05818123594156,136.8683224885786
643,35.05581378519049,136.8672948863517
644,35.05582034395852,136.8670734809689
645,35.05524726595133,136.8668719186712
646,35.05519035317026,136.8670595900855
647,35.05381257011611,136.8662706913786
648,35.05332187111813,136.8659401568655
649,35.0528072411628,136.8656860145553
650,35.05267179723003,136.8661096010861
651,35.05186648715924,136.8657964224274
652,35.05192847722033,136.8655451313369
653,35.0512093665061,136.865274818013
654,35.05113149359116,136.86558499246
655,35.04994123422681,136.8651603014641
656,35.04969101655101,136.8723861916658
657,35.04964160262937,136.8731528986399
658,35.05107336270796,136.8743256894786
659,35.05161030631977,136.8744853829348
660,35.05197433622153,136.8750896892327
661,35.05319860025441,136.8760556532442
662,35.05416381699399,136.8767274537748
663,35.05597556896466,136.8775664291654
664,35.05758229822768,136.8781394372024
665,35.05816937175342,136.8783734897088
666,35.05833122045683,136.8777201585079
667,35.05906470280998,136.8780063883584
668,35.05898509819652,136.878335937752
669,35.05893078719477,136.8784975803567
670,35.05950935509214,136.8787157319888
671,35.06123625411909,136.8794225579155
672,35.06213659156401,136.8797502207724
673,35.0631165576457,136.8800324976458
674,35.06476694674667,136.8806889037697
675,35.06577857862337,136.8810740691265
676,35.0670651528201,136.8815561331535
677,35.06774989838904,136.8818460469154
678,35.06782362895129,136.88160635257
679,35.0678036128084,136.8814100378227
680,35.06933214788381,136.8820240373917
681,35.06935239689703,136.8822558876871
682,35.06979440016422,136.8823038952809
683,35.06979195718754,136.8831721646396
684,35.06937079372621,136.8831602644999
685,35.06901026483963,136.8834320741463
686,35.06904045845234,136.8836754976633
687,35.06920415677016,136.8836776217611
688,35.06912546953318,136.8866612809304
689,35.06890798456423,136.8866922734718
690,35.06891070515103,136.8869099904268
691,35.0690784883195,136.8869330434534
692,35.06904336090833,136.8881124537662
693,35.06898817103748,136.8899398629096
694,35.06876171372083,136.890000428258
695,35.06879395062886,136.8902261633035
696,35.06896575804532,136.8901817905688
697,35.06901306638963,136.8902152289853
698,35.06941819961336,136.8908489570679
699,35.06961392604511,136.8912329734423
700,35.06961145039636,136.8924515888816
701,35.0695005422135,136.8942419307725
702,35.06939356990911,136.8965139362419
703,35.06718414608329,136.8963738465546
704,35.06695008485705,136.8923800624524
705,35.06557141705813,136.8905546693689
706,35.06561260572101,136.8903282986506
707,35.06561927782379,136.8901226249048
708,35.06538088549465,136.8898752970082
709,35.06546587415713,136.8876486159153
710,35.0656020160851,136.8875918242557
711,35.06560994787846,136.8875496798958
712,35.06558067163559,136.887530257718
713,35.06556186989978,136.8875311122405
714,35.06561127967007,136.8867427063361
715,35.06571019032481,136.8866321562367
716,35.065834890281,136.8866364435304
717,35.06584112566827,136.8863342605021
718,35.06496622627072,136.8861294084815
719,35.06485308586418,136.8859725302891
720,35.06441546371754,136.8858589263995
721,35.06437694295364,136.8858816438245
722,35.06434603200471,136.8859183907725
723,35.06429710387717,136.8859351380747
724,35.0639803406137,136.8858241558424
725,35.06365319171798,136.8856924983614
726,35.06369807032437,136.8855180473842
727,35.06355562353724,136.8854589088355
728,35.06350400226065,136.8856359900311
729,35.06327922006022,136.8855470054951
730,35.06330303755958,136.8853744406492
731,35.06316973252923,136.8853191051627
732,35.06312791462138,136.8855058393611
733,35.06261909648629,136.8853024686367
734,35.06262173889453,136.8851061671209
735,35.06026608138885,136.8841995619401
736,35.06020940316844,136.8843513239846
737,35.05982302679519,136.8842040727584
738,35.05968850442811,136.884298878986
739,35.05940075766549,136.8842814706669
740,35.0592166424495,136.8839726293494
741,35.05920023554682,136.8837819058758
742,35.05331940810905,136.8815005624262
743,35.05308820782609,136.8815801373434
744,35.05162752728546,136.8810429761982
745,35.05168329910729,136.880845249176
746,35.04738231166261,136.879169422429
747,35.0422844883546,136.8790563999837
748,35.04227173022072,136.8702261615987
749,35.04172371726852,136.8690898376959
750,35.03997182154339,136.8678943541675
751,35.04008133373789,136.8676537342647
752,35.03629240226838,136.8649808223707
753,35.03228902221669,136.8622449549641
754,35.03220323451463,136.8624344104445
755,35.03102538011564,136.8615749210356
756,35.03073306980048,136.8616843363133
757,35.02843732236132,136.8600564946355
758,35.02849928654539,136.8598337832255
759,35.02292014480286,136.855901459518
760,35.02051413164901,136.8543072185251
761,35.0203245011437,136.8546618322327
762,35.01638760192473,136.8519356325117
763,35.0152503363529,136.8526757279153
764,35.01368236909826,136.8623365162954
765,35.01349580138979,136.8634082923357
766,35.01259813086952,136.8705794101799
767,35.01162902104217,136.8711582534293
768,35.00905678849313,136.8692122201557
769,35.00857618328187,136.8699508330706
770,35.00557855541708,136.8675790458607
771,35.00468923164995,136.8671950890309
772,35.00620031439334,136.8649512988483
773,35.00778644802403,136.8659838924031
774,35.00831674298677,136.8658322338878
775,35.00886218889895,136.8659482624604
776,35.0091197749539,136.8641988024583
777,35.00857829402756,136.8640786212034
778,35.01001308244535,136.8544633216491
779,35.01019608554581,136.8544255223081
780,35.01016933652197,136.8541842042433
781,35.00999069342355,136.854181920221
782,35.01008735044815,136.8535267881067
783,35.01043196241502,136.8536302280983
784,35.01058743122572,136.8536601506647
785,35.01073052054945,136.8531843172321
786,35.01075458358939,136.8529450582413
787,35.01082595755665,136.8524921973911
788,35.01102034905573,136.8512482297409
789,35.01085113694452,136.8497657730347
790,35.01091051221508,136.8494508311111
791,35.00945119217678,136.8474058347074
792,35.00916076063412,136.8479927446848
793,35.00784311654792,136.8477725114551
794,35.0080577822998,136.8460046446313
795,35.00606271118884,136.8446301181295
796,35.00630385277474,136.8441655212314
797,35.00709667199707,136.8446834297244
798,35.00716319662716,136.8445382566271
799,35.00569579800109,136.8435217977111
800,35.00563386924954,136.8436742815115
801,35.00623565800009,136.8440950007904
802,35.00602607015999,136.8445605061453
803,35.00503217614153,136.8436946643981
804,35.00497307100148,136.8436657881787
805,35.00481298602023,136.8437725048495
806,35.00472502635154,136.8438363149301
807,35.00465058045582,136.8443648721356
808,35.00439803331548,136.8443201121833
809,35.00434907600556,136.8446861293282
810,35.00457659148264,136.8447367762517
811,35.00440075961827,136.8459989152804
812,35.00382918885374,136.8458916769092
813,35.00376406091346,136.8461381684612
814,35.00347105978032,136.8483010830249
815,35.0039962716443,136.8486958409879
816,35.00377001077607,136.850120752568
817,35.00322413164499,136.849971534267
818,35.00292195670477,136.8520416639875
819,35.00349495601648,136.8521707759093
820,35.00342915726269,136.8526511718862
821,35.00334738256193,136.8526422929376
822,35.00324984983001,136.8532932399404
823,35.00333634568799,136.8533182209776
824,35.00314696576894,136.8543857028028
825,35.00267452467939,136.8544371857311
826,35.00221272972738,136.8541259096266
827,35.00247559562716,136.8535553274634
828,34.99933519075795,136.8513808391212
829,34.99904293949422,136.8519706033779
830,34.99829716608896,136.8514800902508
831,34.99903271639596,136.8463037335933
832,34.99889811663888,136.8461532819851
833,34.99918294475884,136.8455037955533
834,34.9972442967368,136.8441552168359
835,34.99691887342777,136.8447935641455
836,34.99614975254753,136.8442892550105
837,34.99568512722293,136.8439333135696
838,34.9959440314532,136.8434656116208
839,34.99638466454903,136.8437553393844
840,34.99646171159298,136.843596085283
841,34.99543232789194,136.8429163832518
842,34.99537507375877,136.8430493951724
843,34.99580497118875,136.8433226172905
844,34.9955754018437,136.8438088910346
845,34.99517560280972,136.8435702788402
846,34.9935144117367,136.8423401056398
847,34.99234539216949,136.8416019936574
848,34.99251315154028,136.8412567224464
849,34.99359869672168,136.8419724626618
850,34.99372798352502,136.8417049499535
851,34.9915360600337,136.84021552494
852,34.99149067219201,136.840295221
853,34.99175997039954,136.8404616901311
854,34.99166710168217,136.8406630108077
855,34.99182158551299,136.8407735115964
856,34.99165882237207,136.8411216972098
857,34.99125817031486,136.8407934974202
858,34.99101204145325,136.8407113304597
859,34.99094367906501,136.8407831436532
860,34.99048133710694,136.8404382368903
861,34.99048257968148,136.84029744651
862,34.98840535584206,136.8389251585921
863,34.98684030250111,136.8377903615436
864,34.98704388810576,136.837137750587
865,34.98643834955443,136.8365591669574
866,34.98650624134959,136.8362269288446
867,34.98644087889824,136.836004514238
868,34.9857082460533,136.8355242561994
869,34.98545509491273,136.8355300337546
870,34.98522472924763,136.8357730719639
871,34.98461240970963,136.8353750683088
872,34.98471377519243,136.8351044237805
873,34.98486981544161,136.8345185816623
874,34.98472740678365,136.8329031812948
875,34.98449088563878,136.8323101798119
876,34.98354863954504,136.8345804380241
877,34.98252958548014,136.8339602078547
878,34.98149033425486,136.8297770904444
879,34.98143938143307,136.828741733423
880,34.98116664259324,136.8268393300705
881,34.98132552866903,136.8315025265228
882,34.98230673519454,136.8339016016695
883,34.9800986762794,136.8384779244915
884,34.97651679711023,136.8360635355666
885,34.97882360591837,136.8309719992221
886,34.97467732560635,136.8273442656651
887,34.97570969026037,136.8252704896142
888,34.9758783069205,136.8237640965478
889,34.97572635879703,136.8221814534566
890,34.97520774423774,136.8205037568004
891,34.97221309518834,136.8253034662852
892,34.96913738170313,136.8227621042753
893,34.9697602697976,136.8215197299083
894,34.96983099912028,136.8195775038845
895,34.96973701138329,136.8177345697946
896,34.96971217611411,136.8171586370653
897,34.96940443504177,136.815976362847
898,34.96933537871011,136.8158983351551
899,34.96905343087958,136.8162610255715
900,34.96647769286765,136.820147651873
901,34.96434138963328,136.8186833720468
902,34.95469357751495,136.8109008754552
903,34.94971944126948,136.8203071573324
904,34.95037303866793,136.8207633798621
905,34.95067396728378,136.8202610026714
906,34.95164475895368,136.8209695607678
907,34.95203833861548,136.8213662247573
908,34.95220776682743,136.8218502648294
909,34.95293195627638,136.823067261643
910,34.95125558499495,136.8261528739478
911,34.9432071232233,136.826389058963
912,34.93461119765949,136.8221114870412
913,34.92941025156517,136.8238169685924
914,34.92505155639578,136.8233109656859
915,34.92251131147874,136.8232919464421
916,34.91952948360545,136.8232257413982
917,34.91677228664743,136.8213406225962
918,34.91287921860619,136.8212494041237
919,34.91143259103212,136.8225888460012
920,34.908552179751,136.8207302203356
921,34.90756878942738,136.820463071386
922,34.90530630242097,136.8204786291082
923,34.90537390758531,136.8208503489817
924,34.90462912092348,136.8206561805505
925,34.90455119117727,136.8206821833284
926,34.90446259292595,136.8214303943319
927,34.90381042554023,136.8218802801369
928,34.90167040071509,136.8222181157057
929,34.89967210213852,136.8228952565665
930,34.89924577093349,136.8231408563211
931,34.89860425392118,136.8234789099069
932,34.89729762497114,136.8235623299711
933,34.89623726421065,136.8241266506476
934,34.89496636011248,136.8244572860669
935,34.89320626185653,136.8248921600866
936,34.87776146318782,136.8240992928457
937,34.87161079170355,136.8301607416656
938,34.87307954051214,136.8322332230932
939,34.87894024970195,136.8354057357479
940,34.8813573627053,136.8350679199821
941,34.88145765183661,136.8358262908116
942,34.8842565222432,136.836907600609
943,34.88424063290194,136.8378760276138
944,34.88308084349017,136.838075771611
945,34.88189747386794,136.8384270239187
946,34.88051895136076,136.8393537158381
947,34.88057513874055,136.8397138460506
948,34.88006258904058,136.8400298949406
949,34.87939846719836,136.8387981306125
950,34.87827428518796,136.8394595668903
951,34.87830992976075,136.8395859902214
952,34.87863526444576,136.8394045775236
953,34.8791053489113,136.840458480347
954,34.87842918375185,136.8408059557593
955,34.87825085969316,136.8402605281578
956,34.87810954349536,136.8403008536805
957,34.87828151169735,136.8408690457299
958,34.8778397577712,136.8410694943159
959,34.87758460664792,136.8402653984068
960,34.87755935333039,136.8402767115982
961,34.87764662468846,136.8405784398093
962,34.87761869660139,136.8405926817575
963,34.87762538409802,136.8406369677327
964,34.87760630824509,136.8406482548645
965,34.87759457162787,136.8406910086946
966,34.87698637483674,136.8408492625569
967,34.87686036626452,136.8405805526525
968,34.87774849727408,136.8383599187656
969,34.87823671169718,136.8386508312533
970,34.87827706498927,136.838551889543
971,34.87823492171001,136.8385177781705
972,34.87824183260346,136.8384822704699
973,34.87780616084885,136.8382075913251
974,34.87775279395385,136.8380962976507
975,34.87842613263495,136.8363506074794
976,34.87841642845198,136.8362854465559
977,34.87838167107787,136.8362449205914
978,34.87831357218895,136.836226749739
979,34.87826314296726,136.8362684267847
980,34.8775557462865,136.8380061740092
981,34.87597821289913,136.8371433840752
982,34.87134627115451,136.8436981564389
983,34.8662631189899,136.8548431558186
984,34.86351150114429,136.8564519478152
985,34.86026925032665,136.8572139327659
986,34.85736835663896,136.8570731602766
987,34.854169814763,136.8553308576548
988,34.85302350447217,136.8579877161327
989,34.85171873545604,136.8598375795063
990,34.84950050901921,136.8617071169742
991,34.84748663808509,136.8629941148947
992,34.84224017477577,136.8637277050533
993,34.83850869485737,136.8662263882753
994,34.83082183888744,136.8651399940766
995,34.82996551487025,136.8636724137977
996,34.82874417680832,136.8631450858306
997,34.82715221125612,136.8639444434158
998,34.82543473153201,136.8650628022667
999,34.82312741221755,136.8637993977058
1000,34.82093443901289,136.8627786145456
1001,34.81245905305718,136.8606001128553
1002,34.80770314478405,136.8584943172864
1003,34.80373800878918,136.8571913386398
1004,34.80350341092604,136.8584342888348
1005,34.80110055655138,136.8582734484582
1006,34.79942729288528,136.8578176131473
1007,34.79696968157691,136.8567459831284
1008,34.78606039635895,136.8521760261714
1009,34.76661652613371,136.8431974017203
1010,34.76660202698581,136.8408034272543
1011,34.76613160937483,136.8402556805621
1012,34.76066738962178,136.8434502855446
1013,34.75656421447892,136.8451396992576
1014,34.75510942017406,136.8472524207963
1015,34.75333466008956,136.8487610186095
1016,34.74912959631632,136.8508107946231
1017,34.74518351146913,136.8563926535865
1018,34.74311024017859,136.858260644168
1019,34.74065900392958,136.8590012477865
1020,34.73947074845676,136.857431004574
1021,34.73806327196043,136.8576750294424
1022,34.73752310708111,136.8619804804879
1023,34.73821237950892,136.8631482925292
1024,34.7379543120715,136.8650121429464
1025,34.73632362665277,136.8676340846338
1026,34.73326325404677,136.8677649679468
1027,34.72811319326927,136.8746875195676
1028,34.72714858858771,136.880100888357
1029,34.72312689461504,136.8844036423388
1030,34.72052812919634,136.8851968401054
1031,34.71881299564583,136.8920857010474
1032,34.71880348728762,136.89720908962
1033,34.71697061369817,136.9010672134783
1034,34.71555803108642,136.9044373432111
1035,34.71452505979034,136.9081448856915
1036,34.71275138572162,136.9108890257209
1037,34.71038751147699,136.9151666860494
1038,34.70781092865331,136.9186095726016
1039,34.7066789468492,136.9225228681198
1040,34.7029228414284,136.9298583346457
1041,34.70232529637131,136.9334148215063
1042,34.70021996886219,136.9437911340999
1043,34.69963494507156,136.949261534178
1044,34.69933941875357,136.955197760054
1045,34.69795017872865,136.9676283371423
1046,34.69411239688113,136.9724948711811
1047,34.69628349951935,136.9737542783922
1048,34.69778353718425,136.9749472444695
1049,34.69961920738398,136.9754936019308
1050,34.70126034931715,136.9785864872321
1051,34.706300657531,136.97645992009
1052,34.70719199780761,136.9741396661812
1053,34.70624979718731,136.9729291715971
1054,34.70892714403817,136.9712369321337
1055,34.7102272527456,136.9700140281174
1056,34.71034313296199,136.971066184216
1057,34.71106899458142,136.9714349795289
1058,34.71346158012756,136.9716839514412
1059,34.71748478717763,136.9728350801483
1060,34.72490614742682,136.9703224437249
1061,34.73273564260253,136.9662086903522
1062,34.73443364286289,136.9641909576142
1063,34.73661729145525,136.9602181640502
1064,34.73813706847884,136.9534470827019
1065,34.74233636205063,136.9485624310607
1066,34.74645940496179,136.9446729081881
1067,34.7477306817466,136.9429661809262
1068,34.7495456988145,136.9387768204243
1069,34.7503720255882,136.9371432065598
1070,34.75336881195535,136.9349177109272
1071,34.75708293853618,136.9274927191789
1072,34.76430827503899,136.9271186133207
1073,34.76676392585313,136.9229094471668
1074,34.76523042863185,136.921729985688
1075,34.76552293550204,136.9201555531986
1076,34.7669245677119,136.9184575800772
1077,34.76896837470965,136.9170421827976
1078,34.77048257529699,136.9148469532689
1079,34.77314857282598,136.9148632700239
1080,34.775564086957,136.9158270322979
1081,34.77560594384234,136.9171342669604
1082,34.77639667170565,136.9183115499572
1083,34.77819990472435,136.9167117676575
1084,34.77826588043919,136.9153073972844
1085,34.78070717884884,136.915702036926
1086,34.78230728919845,136.9159638136287
1087,34.78390531184104,136.9164999028809
1088,34.78605844425663,136.9173451048019
1089,34.78739404722604,136.9182164655107
1090,34.79050892656991,136.9197072786501
1091,34.79372098607924,136.9215561154606
1092,34.79642888127198,136.9212448681762
1093,34.79825643094831,136.9196457260941
1094,34.80060760153181,136.9207005863532
1095,34.80372076747895,136.9223935563211
1096,34.80604297973088,136.9217148612146
1097,34.80870271865511,136.9213465349175
1098,34.81095938053264,136.9203654781155
1099,34.81380012396788,136.9225496698539
1100,34.81398292107109,136.9254043859388
1101,34.82112493399732,136.9261350176909
1102,34.82093206823389,136.9381025090362
1103,34.82100768139242,136.938104290477
1104,34.8211488836708,136.9321060290864
1105,34.82206382898503,136.9321197919267
1106,34.82203218155501,136.9334827025985
1107,34.82192843315092,136.9375770639277
1108,34.82216258772242,136.9375865658926
1109,34.82224614300238,136.93345963283
1110,34.82268327376194,136.9321518332553
1111,34.82641152877795,136.932581941896
1112,34.82639345251285,136.9329210393974
1113,34.82625947877879,136.9329104051832
1114,34.82622191224429,136.9331390400122
1115,34.82587586072475,136.933067106916
1116,34.82547921714185,136.9330312503981
1117,34.82547783487514,136.9330790992459
1118,34.82587529941897,136.9331263174352
1119,34.82614040852442,136.933241551884
1120,34.82622666305354,136.9332479915952
1121,34.82694328953176,136.9333294037052
1122,34.82697241160869,136.9329976333786
1123,34.82709003275835,136.9268648728244
1124,34.82761061374943,136.9269749197821
1125,34.82789305708383,136.9221332465052
1126,34.82964078474018,136.9224328951388
1127,34.82952977668183,136.9237824069285
1128,34.83022833520674,136.935433347234
1129,34.83576484832284,136.936049664402
1130,34.83912430671223,136.9294611739138
1131,34.84281264255624,136.9308188175887
1132,34.84613243681272,136.9305884902095
1133,34.8461039345235,136.9273400581936
1134,34.84958474237256,136.9271604675913
1135,34.85284218127556,136.9267259930603
1136,34.85295413916079,136.9283519315393
1137,34.85226723137698,136.9294846876993
1138,34.84805454243098,136.9298707206083
1139,34.84843738608071,136.9307796505832
1140,34.84852306184386,136.9351228941715
1141,34.85351915938568,136.9350434099547
1142,34.85405506116002,136.93581876756
1143,34.85416202504912,136.936675117173
1144,34.85605662589218,136.9366487675836
1145,34.85716182113581,136.9355369662789
1146,34.8589819187173,136.9298560504283
1147,34.85872075440258,136.9282809871002
1148,34.86563429466629,136.927670925797
1149,34.86140005742201,136.9397749703805
1150,34.86937359367772,136.9458687155247
1151,34.87408187099815,136.946065934839
1152,34.87642191821012,136.9407497109673
1153,34.87356866875314,136.937363996983
1154,34.87472735136249,136.9344665903969
1155,34.87799497838547,136.9366244231089
1156,34.87706746007446,136.9397745203574
1157,34.87870539596456,136.9416438463315
1158,34.88244908120821,136.9385832942995
1159,34.88283921257101,136.9400202671249
1160,34.87601879752974,136.9574967289057
1161,34.87191956315167,136.9571585086201
1162,34.87104600676802,136.958600753603
1163,34.87513755116256,136.9598988561031
1164,34.87403738624956,136.9628898783661
1165,34.8765150443192,136.964070379418
1166,34.88006900097667,136.9601073398497
1167,34.88113800975982,136.9572591797619
1168,34.89333513352162,136.9658901722203
1169,34.90496878804141,136.9702397770849
1170,34.91157357119179,136.9724857159965
1171,34.91477729648193,136.9694620641893
1172,34.91785708358871,136.9734056432696
1173,34.92317367117644,136.9742013007948
1174,34.92274325177753,136.9784125684523
1175,34.89375797579391,136.9773813479138
1176,34.87751322512334,136.9703655173799
1177,34.8748213784113,136.9682527282587
1178,34.87253926428069,136.9667503524277
1179,34.8718218285326,136.9686655953245
1180,34.85606808892803,136.9563855071966
1181,34.84878856781821,136.9525213614982
1182,34.83859284703257,136.9550092419663
1183,34.82258592141995,136.9642923987168
1184,34.82267202154075,136.9665933629343
1185,34.8190092719251,136.9760728102517
1186,34.81889361489997,136.9765217622528
1187,34.81893035479494,136.9765685725638
1188,34.81585258381475,136.9906211425532
1189,34.82347706101022,136.9930355435979
1190,34.8237142341992,136.993267866956
1191,34.8281922724726,136.9948311580687
1192,34.82721311641529,136.9978491992418
1193,34.82540406574829,136.9974925242357
1194,34.82517746118351,136.9971501322589
1195,34.82480035728575,136.9968118009821
1196,34.81457228673229,136.995712347452
1197,34.81264834259105,136.9975472028256
1198,34.80837016654493,136.9984142544909
1199,34.80347448491959,137.001107789914
1200,34.79889825379275,137.0060074585216
1201,34.79672825744997,137.0102844785444
1202,34.79524916653492,137.0118980551713
1203,34.79049691511422,137.0110331482716
1204,34.78747831086198,137.014177253455
1205,34.78745421617862,137.0142056759159
1206,34.78775685659947,137.0145720675863
1207,34.78592549317717,137.0167842041199
1208,34.78478996665928,137.0192586603885
1209,34.78728553874563,137.0239672788964
1210,34.78842219541583,137.0240368284795
1211,34.78854975014707,137.0241254222873
1212,34.78851610655636,137.0242152344656
1213,34.78848159834732,137.02418948477
1214,34.78846227727184,137.024223311419
1215,34.78836172990072,137.0241461898236
1216,34.78827824822,137.0241338910287
1217,34.78827652919652,137.0241972616516
1218,34.78833572220111,137.0242057208156
1219,34.7884501286629,137.0242654650797
1220,34.78841273993353,137.024361380873
1221,34.78840010379646,137.0244643984622
1222,34.78809662196394,137.0252580344622
1223,34.78798875004464,137.0254549526617
1224,34.78796858662866,137.0255347235108
1225,34.78796106834113,137.0256616050672
1226,34.78798505612541,137.0257682578031
1227,34.78815089338055,137.0261847549731
1228,34.78814068783169,137.0264501343141
1229,34.78815760321022,137.0264834906898
1230,34.7880800661344,137.0265569502942
1231,34.78802408937727,137.026628692302
1232,34.78797926187,137.0265800199165
1233,34.78786732603736,137.0264743495838
1234,34.78782961252109,137.026477915265
1235,34.78772990602384,137.0262567281191
1236,34.78757499304915,137.0259072786899
1237,34.78708458978176,137.0247736615948
1238,34.7867721871358,137.0241558294127
1239,34.78668565496354,137.0242006314914
1240,34.78453912226893,137.0200858007092
1241,34.78405491842909,137.0199600205435
1242,34.78183809098678,137.021045848811
1243,34.77705088282893,137.0268960522245
1244,34.77716620716177,137.0289726215839
1245,34.77704439310615,137.0299356218208
1246,34.77614351189329,137.0296250152563
1247,34.77550677907708,137.02975953268
1248,34.77479807139837,137.0298955817204
1249,34.77501561461631,137.0328128922068
1250,34.77699640647518,137.0341107557032
1251,34.77532558809506,137.0415971140478
1252,34.77731213350084,137.0488699628132
1253,34.77782394814467,137.0490917354977
1254,34.78155221220202,137.0490392391486
1255,34.7817139256669,137.0510573315469
1256,34.7796788496502,137.052708813371
1257,34.78228578178227,137.0644923995144
1258,34.78515510915773,137.0661303127097
1259,34.78613661912301,137.0697293034876
1260,34.78663298886321,137.0753827516636
1261,34.78514648528851,137.0770884299205
1262,34.78511832857005,137.0779393942038
1263,34.78196614887481,137.0807434757381
1264,34.77921776367715,137.0828713367798
1265,34.77860026817174,137.0828997618271
1266,34.77813837529964,137.0832070638851
1267,34.77773518883328,137.0852571538942
1268,34.7759347625759,137.0865723539864
1269,34.77504731031124,137.0877615846942
1270,34.77535551580961,137.0915311967213
1271,34.77605814113117,137.091419485853
1272,34.77792666549507,137.0948381839826
1273,34.77962540400729,137.0964448536313
1274,34.78236417501559,137.0997004510271
1275,34.78302472839895,137.0985831358532
1276,34.78322747505674,137.0995442798576
1277,34.78379423677901,137.10084757591
1278,34.78390794229311,137.1026678855546
1279,34.78448676852621,137.1040619789742
1280,34.78317798715207,137.1052444419382
1281,34.78286759452813,137.1069682814593
1282,34.78390093787903,137.1063603974219
1283,34.78598879920286,137.1086110281821
1284,34.78776213428461,137.1072872762556
1285,34.78980524244601,137.1062302005654
1286,34.79080468660939,137.1061132211612
1287,34.79027009909807,137.1094087181625
1288,34.79024139867933,137.1108258587506
1289,34.78911198768363,137.1114315394319
1290,34.79024399428238,137.1121000990069
1291,34.79070948212955,137.1138122821205
1292,34.78981377367477,137.1138559982183
1293,34.78931332952071,137.1142671965459
1294,34.78917663089379,137.1149323826419
1295,34.7892999475209,137.116242854001
1296,34.78818704392368,137.1174336775819
1297,34.78681574617343,137.118925963763
1298,34.78556502496312,137.120369331262
1299,34.78534123346343,137.1215046266484
1300,34.78477862372254,137.1224344139749
1301,34.78382380890749,137.12316499222
1302,34.78321245815563,137.1240538501533
1303,34.7826117816185,137.1268216790889
1304,34.78138473753577,137.1270625629957
1305,34.78124612686658,137.1295766990805
1306,34.78209160816798,137.1328422955398
1307,34.78393499449052,137.1336379483137
1308,34.78519460279669,137.1327802177346
1309,34.7864894534089,137.1337172530731
1310,34.78679199722075,137.13591287098
1311,34.78722364793711,137.1407961553172
1312,34.78582016144959,137.1467484638583
1313,34.78023995027758,137.1531964734949
1314,34.78295702112219,137.1590332774477
1315,34.78445598855429,137.1647169467193
1316,34.7867695765461,137.1696829868575
1317,34.78439808410504,137.1732682133459
1318,34.77734234980622,137.1747446975358
1319,34.77652228577409,137.1734177375141
1320,34.77153902814578,137.1676984438403
1321,34.7670263313875,137.1682571496973
1322,34.76552052843277,137.1708534817151
1323,34.76477435600911,137.1775570454605
1324,34.7681823633483,137.1800683043271
1325,34.76907884968551,137.1825496123878
1326,34.77015589138067,137.1834605246618
1327,34.77104295494326,137.1843661197567
1328,34.77178794600948,137.1853631772215
1329,34.77235955784335,137.1863370853823
1330,34.7733184121305,137.1870038203765
1331,34.77395544324278,137.1880187711218
1332,34.77512271293941,137.188867574904
1333,34.77509293093517,137.1897689667185
1334,34.77575770685877,137.1898937213416
1335,34.7767336604218,137.1902494166184
1336,34.77771094207624,137.1902591067213
1337,34.77881951952205,137.1904908270343
1338,34.77969598879261,137.1903917083068
1339,34.78173660213726,137.1892989336398
1340,34.78559564440453,137.1890459256148
1341,34.78791472945804,137.1882155076611
1342,34.78907091920312,137.1909435017374
1343,34.79494330291345,137.1908303557667
1344,34.7980587807076,137.1909441845671
1345,34.80456007290613,137.19326526545
1346,34.80737696815319,137.1953527785592
1347,34.80893171469344,137.1934124854488
1348,34.80945560970552,137.194875378844
1349,34.8068399151815,137.1984956373513
1350,34.80896572386418,137.2007873665822
1351,34.80285260581289,137.2097578066377
1352,34.80432159503437,137.2118674778831
1353,34.80304256800135,137.2136910726498
1354,34.80475993090642,137.2154334068305
1355,34.80633463785495,137.2136019019139
1356,34.8125823007582,137.2190019637138
1357,34.81546680516965,137.2146821079171
1358,34.81720030825267,137.2165800879409
1359,34.81623398109816,137.2229063825081
1360,34.81540936765182,137.2305863767238
1361,34.81001357938246,137.2316600641789
1362,34.81215446036863,137.2330448020907
1363,34.81359379848351,137.2353294715411
1364,34.81271908192137,137.2397500575693
1365,34.81194779890708,137.2433550162525
1366,34.81163109791974,137.2471290518201
1367,34.80848906914816,137.2502764528839
1368,34.8052163283198,137.2515106200542
1369,34.80484432177283,137.2610853194415
1370,34.80421752088998,137.2677030329708
1371,34.80494584712646,137.273191252303
1372,34.80371126572451,137.2778556132016
1373,34.80544037512279,137.2842488220269
1374,34.80492990775089,137.2902063830782
1375,34.80451764163855,137.2938186660549
1376,34.80604194513777,137.2944916738873
1377,34.80494090504246,137.2988696682131
1378,34.80246133087798,137.29988335347
1379,34.79760637211868,137.3019895790824
1380,34.77852122582795,137.308913413543
1381,34.78030514147167,137.3191237632722
1382,34.78009005158789,137.3198691584903
1383,34.78149216386506,137.3227154578224
1384,34.7842259127298,137.3246530651934
1385,34.78307190296972,137.3294471149287
1386,34.77985068483076,137.3308632884014
1387,34.77443296118952,137.3314239201626
1388,34.77516535608284,137.3280416038599
1389,34.77438612607519,137.3264067725874
1390,34.77209724257357,137.3249193685439
1391,34.77109277144989,137.320909380897
1392,34.74872973131959,137.3204104512208
1393,34.74864316283809,137.314377108201
1394,34.74495753415931,137.3140792972522
1395,34.74462844221112,137.3098555592081
1396,34.74031256593888,137.3097415196561
1397,34.74030211070212,137.3080818098629
1398,34.7350535640546,137.3082027676286
1399,34.73112571528998,137.3290487465196
1400,34.73032339988551,137.3288617522391
1401,34.7286306711107,137.3388394053183
1402,34.7295740492142,137.3413590479129
1403,34.72724367517372,137.342921569349
1404,34.7250445806437,137.3383618918749
1405,34.72075669539822,137.3381476399207
1406,34.72468444127124,137.3297397675931
1407,34.72473395388469,137.3190386536305
1408,34.72482488025788,137.3109018315262
1409,34.72498277008918,137.3108861716202
1410,34.72498388269599,137.3083499259322
1411,34.72480054228057,137.3083402166221
1412,34.72462014988402,137.3085714368111
1413,34.7204952607221,137.3085806081133
1414,34.72048218465952,137.3083696853854
1415,34.71687547995909,137.3083931692796
1416,34.71676531139985,137.3085288123841
1417,34.71424884192619,137.3085342751734
1418,34.71422792465803,137.3089305355381
1419,34.71239910705643,137.3088894193401
1420,34.71209284217645,137.30862116779
1421,34.71199471130775,137.3084404496209
1422,34.70211436910866,137.3084860984459
1423,34.70207589306317,137.3089967560649
1424,34.70085444052743,137.3097570072028
1425,34.70030415535978,137.3100397962554
1426,34.69960739408059,137.3107051236612
1427,34.69622847258027,137.3115502826166
1428,34.69201921469546,137.3082979260128
1429,34.69378231970343,137.30091031424
1430,34.69825327403753,137.3008573498123
1431,34.70208689240952,137.3009237180334
1432,34.7062392737234,137.3008545121632
1433,34.71022922621341,137.3008505304004
1434,34.71038352567013,137.3009840402435
1435,34.71408680750253,137.3008175170356
1436,34.71859794722327,137.3007741197248
1437,34.71861976499685,137.3009786768708
1438,34.72274337989391,137.3009994852403
1439,34.72808291356731,137.3009267333083
1440,34.73147701751335,137.2839488318693
1441,34.71589282929906,137.2631181445401
1442,34.70655650497086,137.2674893972051
1443,34.69852721048698,137.2613067332832
1444,34.69681065949349,137.262122659819
1445,34.69590439817939,137.2605800852388
1446,34.69679723289081,137.2582546497435
1447,34.69899336541015,137.2566079167989
1448,34.7052439273188,137.2520730557939
1449,34.70637629894322,137.2457582008601
1450,34.69908642442326,137.2326179268415
1451,34.6874672021145,137.2337818176291
1452,34.67520388452952,137.2222985324647
1453,34.67977876459957,137.2096105829292
1454,34.67010379320316,137.1985671654294
1455,34.6691163918079,137.1891296446556
1456,34.6625317639707,137.1780652407473
1457,34.65625897474678,137.1713074455463
1458,34.65599143277148,137.1646186522302
1459,34.65732839271394,137.1578681354893
1460,34.6562252859538,137.1552595952414
1461,34.65495740931285,137.1512650467758
1462,34.65408902718598,137.1482068096915
1463,34.65424081229139,137.1448310242805
1464,34.65649154228819,137.1315348720714
1465,34.654725529524,137.1260281678819
1466,34.65243143151279,137.124516181317
1467,34.6504001860462,137.1244713383546
1468,34.65087692777585,137.1191446500638
1469,34.65090147613126,137.1117748797378
1470,34.65557281758823,137.1058705507033
1471,34.65553828014934,137.0970340439962
1472,34.65642078709104,137.0970621218472
1473,34.65587069748926,137.0955796462108
1474,34.65795316560598,137.0913307658961
1475,34.65760797089693,137.0888361379292
1476,34.65950760190637,137.0856986504425
1477,34.66215730956461,137.0819073134661
1478,34.66282823574996,137.0729996188772
1479,34.66131920871467,137.0684270836461
1480,34.65790959690478,137.0640495538435
1481,34.65521461646363,137.0615795203223
1482,34.65221483391471,137.0590101911293
1483,34.64773423079995,137.0565999381052
1484,34.63673011319274,137.0506075335573
1485,34.63024863676917,137.0472971026529
1486,34.62481237341005,137.0447805518778
1487,34.61503605918157,137.0387822175006
1488,34.60926493505924,137.0340263730664
1489,34.60216959433512,137.0297433770427
1490,34.59934407988955,137.0296131464584
1491,34.59651868257969,137.0289066441999
1492,34.59069632734328,137.0265705016135
1493,34.58962817640878,137.020298065348
1494,34.58005230268818,137.0139331414131
1495,34.57848950434365,137.0153448179645
1496,34.57755319245575,137.017426328317
1497,34.57895166226113,137.0213840671581
1498,34.58001455474464,137.026687882736
1499,34.5804137993476,137.0319621644952
1500,34.57792375581656,137.0336685727563
1501,34.57652715085791,137.0359275291152
1502,34.57855910724664,137.0423202666492
1503,34.57976124985948,137.0474526772784
1504,34.58134774420392,137.0512855141824
1505,34.58438093628649,137.0627783795309
1506,34.58694458683465,137.0741995196817
1507,34.58921314959055,137.0853379690067
1508,34.59039964685674,137.0935536788941
1509,34.59088544658397,137.0969674566907
1510,34.58897945778767,137.1023197267482
1511,34.58836650667478,137.1068187582639
1512,34.58880325509022,137.1109734408398
1513,34.58740357321751,137.1170188091029
1514,34.58693569710744,137.1229084941224
1515,34.58783963497289,137.1253729076457
1516,34.58856493292785,137.1284069507493
1517,34.58829535850153,137.1338847230548
1518,34.58915839431998,137.1356862267222
1519,34.58912227347197,137.1372520082456
1520,34.58978391298581,137.1394980355248
1521,34.58985555143704,137.1417945460893
1522,34.59045720450402,137.1436717485324
1523,34.59204221841756,137.1474973552305
1524,34.59236827768693,137.1493222584441
1525,34.59147219935632,137.1532893364883
1526,34.59434033331153,137.1635514036149
1527,34.59718208670292,137.1711551351956
1528,34.599913023553,137.1783770037327
1529,34.60216044831806,137.1845147570215
1530,34.60232131319468,137.1860484081107
1531,34.60051695033288,137.1876449912857
1532,34.60056506457591,137.189216734517
1533,34.60226328549017,137.1915716822005
1534,34.60232041702745,137.190540121251
1535,34.60316163007892,137.1906143319844
1536,34.60373339870818,137.1909945233402
1537,34.60426616570735,137.1916282584025
1538,34.60694728213749,137.1980829600888
1539,34.60907781546743,137.2045418447399
1540,34.61382893468527,137.2201512197001
1541,34.61699571634561,137.2318047441036
1542,34.62037476178965,137.2428169800785
1543,34.62403276518942,137.2536610529605
1544,34.62700806446887,137.2644994441724
1545,34.63065889471224,137.2761161135533
1546,34.63324903801243,137.2864732649165
1547,34.63662548425626,137.2983249069029
1548,34.63899599398343,137.30743971991
1549,34.64436312548445,137.3301706563474
1550,34.64964844474709,137.3531659132258
1551,34.6545107240367,137.3761345099792
1552,34.65856220964359,137.3976688058481
1553,35.19578825150543,137.3967383278323
1554,35.19769212727777,136.38495877641
1555,34.45052259787625,136.4001335628522
1556,34.45311308979854,136.8840877987753
